-- Тестовые данные, чтобы интерфейс сразу показывал содержимое.
-- Запуск:  psql "$DATABASE_URL" -f seed.sql
--
-- Сайты вымышленные (домены из зарезервированных под примеры). Это демо-записи
-- для проверки интерфейса, а не результаты реальных проверок.

TRUNCATE anglicisms, letters, findings, audits RESTART IDENTITY CASCADE;

/* ─────────── Аудит 1: магазин на Битриксе, три нарушения ─────────── */

INSERT INTO audits (id, input_url, final_url, cms, reachable, client_rendered, demo, created_at)
VALUES (1, 'https://example-shop.ru', 'https://example-shop.ru/', 'bitrix', true, false, true, NOW() - INTERVAL '2 days');

INSERT INTO findings (audit_id, check_id, title, what, verdict, method, summary, norms, factors, evidence, severity) VALUES
(1, 1, 'Передача данных за границу',
    'Сервер в РФ; нет Google Analytics; нет Google Tag Manager',
    'violation', 'auto',
    'На сайте установлен Google Analytics. Данные посетителей передаются на серверы за пределами РФ, что противоречит требованию о локализации персональных данных.',
    '["fz152_18_5"]',
    '[{"name":"Google Analytics в коде страниц","vote":"violation","detail":"Найден код Google Analytics на страницах: 1."},
      {"name":"Google Tag Manager в коде страниц","vote":"ok","detail":"Код Google Tag Manager на скачанных страницах не найден."},
      {"name":"Физическое размещение сервера в РФ","vote":"unknown","detail":"Требуется сверка по гео-IP и whois — внешние базы в MVP не подключены."}]',
    '[{"url":"https://example-shop.ru/","snippet":"<script async src=\"https://www.google-analytics.com/analytics.js\"></script>","line":42}]',
    80),
(1, 2, 'Логотипы запрещённых соцсетей',
    'Логотипы и ссылки Инстаграма и Фейсбука (Мета — экстремистская организация)',
    'violation', 'auto',
    'На сайте есть ссылки или логотипы Инстаграма/Фейсбука (найдено мест: 2). Мета признана экстремистской организацией — её символика на сайте недопустима.',
    '["koap_20_3_1"]',
    '[{"name":"Ссылки и логотипы Инстаграма и Фейсбука","vote":"violation","detail":"Найдено упоминаний в коде: 2."}]',
    '[{"url":"https://example-shop.ru/","snippet":"<a href=\"https://instagram.com/example.shop\" class=\"soc soc--ig\"><img src=\"/upload/instagram.svg\" alt=\"Instagram\"></a>","line":318}]',
    90),
(1, 3, 'Политика конфиденциальности', 'Опубликована, доступна с любой страницы',
    'ok', 'auto', 'Политика конфиденциальности опубликована и доступна по ссылке.',
    '["koap_13_11_3"]',
    '[{"name":"Ссылка на Политику конфиденциальности в коде страниц","vote":"ok","detail":"Ссылка найдена: /politika-konfidencialnosti/"},
      {"name":"Разметка отдаётся сервером (вывод об отсутствии достоверен)","vote":"ok","detail":"HTML отдаётся сервером."}]',
    '[]', 70),
(1, 4, 'Согласие на обработку ПДн',
    'Отдельный документ, не часть политики; цель, перечень действий, срок, способ отзыва',
    'violation', 'auto',
    'Отдельного документа «Согласие на обработку персональных данных» на сайте нет. Согласие не может быть частью Политики — это разные документы с разным назначением.',
    '["fz152_9_4"]',
    '[{"name":"Отдельный документ «Согласие на обработку ПДн»","vote":"violation","detail":"Отдельный документ не найден."},
      {"name":"Разметка отдаётся сервером (вывод об отсутствии достоверен)","vote":"violation","detail":"HTML отдаётся сервером — отсутствие документа в коде показательно."}]',
    '[]', 60),
(1, 5, 'Оферта или пользовательское соглашение',
    'Магазину — публичная оферта, остальным — пользовательское соглашение',
    'ok', 'auto', 'Оферта или пользовательское соглашение опубликованы.',
    '["gk_437_2"]',
    '[{"name":"Ссылка на оферту или пользовательское соглашение","vote":"ok","detail":"Документ найден: /oferta/"}]',
    '[]', 30),
(1, 6, 'Плашка куки при первом заходе',
    'Согласие на куки + ссылка на Политику конфиденциальности + ссылка на Политику куки + упоминание Яндекс.Метрики',
    'manual', 'auto',
    'Следы плашки куки в коде есть. Точный состав плашки нужно проверить вручную в браузере.',
    '["fz152_9_1","metrica_2_1"]',
    '[{"name":"Следы плашки куки в коде сайта","vote":"ok","detail":"В коде сайта есть упоминания куки и разметка плашки."},
      {"name":"Точное содержание плашки (ссылки на Политику и Политику куки)","vote":"unknown","detail":"Плашка дорисовывается скриптом — состав по исходному коду не читается."}]',
    '[]', 50),
(1, 7, 'Активное согласие в формах',
    'Отдельные чекбоксы, не отмеченные по умолчанию; три чекбокса, если есть подписка; факт согласия сохраняется',
    'violation', 'auto',
    'В формах есть чекбоксы согласия, отмеченные по умолчанию (найдено: 1). Заранее проставленная галочка не является согласием: посетитель не совершал действия.',
    '["koap_13_11_2","fz152_9_3"]',
    '[{"name":"Чекбоксы согласия, отмеченные по умолчанию","vote":"violation","detail":"Найдено заранее отмеченных чекбоксов: 1."},
      {"name":"Формы сбора ПДн без чекбокса согласия","vote":"ok","detail":"Во всех найденных формах сбора ПДн (3) есть чекбокс согласия."},
      {"name":"Сохранение факта согласия на стороне сервера","vote":"unknown","detail":"По внешнему виду сайта не определяется."}]',
    '[{"url":"https://example-shop.ru/contacts/","snippet":"<input type=\"checkbox\" name=\"AGREE\" value=\"Y\" checked>","line":204}]',
    100),
(1, 8, 'Рассылки: цели и типы',
    'Рассылки описаны в целях Политики; информационная и рекламная — раздельно',
    'manual', 'auto',
    'Рассылка упомянута в Политике. Разделение информационной и рекламной рассылки требует ручной проверки.',
    '["fz152_5_2","fz38_18_1"]',
    '[{"name":"Рассылка описана в целях Политики","vote":"ok","detail":"В Политике есть описание рассылки среди целей обработки."},
      {"name":"Информационная и рекламная рассылка разделены","vote":"unknown","detail":"Разделение по тексту Политики однозначно не читается."}]',
    '[]', 40),
(1, 9, 'Явный алгоритм отписки', 'Ссылка в каждом письме и описанная процедура',
    'manual', 'manual',
    'Наличие отписки проверяется в письмах рассылки, а не на сайте — по внешнему виду сайта достоверно не определяется.',
    '["fz152_9_2"]',
    '[{"name":"Автоматическая проверка неприменима","vote":"unknown","detail":"Проверяется в письмах рассылки."}]',
    '[]', 20),
(1, 10, 'Уведомление в РКН', 'Оператор уведомил РКН до начала обработки',
    'manual', 'manual',
    'Факт подачи уведомления не отражается на сайте — требуется сверка с реестром операторов РКН.',
    '["fz152_22_1"]',
    '[{"name":"Автоматическая проверка неприменима","vote":"unknown","detail":"Требуется сверка с реестром РКН."}]',
    '[]', 10);

INSERT INTO letters (audit_id, subject, body) VALUES (1,
'example-shop.ru: нашли 3 нарушения закона о персональных данных',
'Здравствуйте!

Проверили ваш сайт example-shop.ru на соответствие требованиям закона о персональных данных. Нашли то, за что сейчас штрафует Роскомнадзор. Показываю самое существенное:

1. Активное согласие в формах
В формах есть чекбоксы согласия, отмеченные по умолчанию (найдено: 1). Заранее проставленная галочка не является согласием: посетитель не совершал действия.
Штраф юрлицу — 300–700 тыс ₽. Норма: КоАП, ст. 13.11 ч. 2 — https://www.consultant.ru/document/cons_doc_LAW_34661/1f421640c6775ff67079ebde06a7d2f6d17b96db/#dst7758

2. Нет логотипов запрещённых соцсетей
На сайте есть ссылки или логотипы Инстаграма/Фейсбука (найдено мест: 2). Мета признана экстремистской организацией — её символика на сайте недопустима.
Норма: КоАП, ст. 20.3 ч. 1 — https://www.consultant.ru/document/cons_doc_LAW_34661/e3620d183bd6d1fe2ab8b0c912809857217325a2/#dst6120

3. Данные не уходят за границу
На сайте установлен Google Analytics. Данные посетителей передаются на серверы за пределами РФ, что противоречит требованию о локализации персональных данных.
Норма: 152-ФЗ, ст. 18 ч. 5 — https://www.consultant.ru/document/cons_doc_LAW_61801/cbf4e15b7c330f9372e876cdf2bc928bad7950ef/#dst14

По каждому пункту у нас есть фрагмент кода вашего сайта, где видно проблему, — можете перепроверить сами. Полный отчёт со всеми пунктами приложу, если интересно.

Мы занимаемся поддержкой сайтов на 1С-Битрикс и такие вещи правим под ключ. Если хотите, пришлю разбор целиком и скажу, сколько займёт устранение.

С уважением,
[ваше имя]');

INSERT INTO anglicisms (audit_id, word, suggestion, url, context) VALUES
(1, 'SALE', 'Распродажа', 'https://example-shop.ru/', '…Летний SALE до -50% на всю коллекцию…');

/* ─────────── Аудит 2: сайт без Политики, чисто по соцсетям ─────────── */

INSERT INTO audits (id, input_url, final_url, cms, reachable, client_rendered, demo, created_at)
VALUES (2, 'https://example-clinic.ru', 'https://example-clinic.ru/', 'wordpress', true, false, true, NOW() - INTERVAL '6 hours');

INSERT INTO findings (audit_id, check_id, title, what, verdict, method, summary, norms, factors, evidence, severity) VALUES
(2, 1, 'Передача данных за границу', 'Сервер в РФ; нет Google Analytics; нет Google Tag Manager',
    'manual', 'auto',
    'Google Analytics и Google Tag Manager не обнаружены. Физическое размещение сервера требует ручной сверки по гео-IP и whois.',
    '["fz152_18_5"]',
    '[{"name":"Google Analytics в коде страниц","vote":"ok","detail":"Не найден."},
      {"name":"Физическое размещение сервера в РФ","vote":"unknown","detail":"Требуется сверка по гео-IP и whois."}]',
    '[]', 80),
(2, 2, 'Логотипы запрещённых соцсетей', 'Логотипы и ссылки Инстаграма и Фейсбука (Мета — экстремистская организация)',
    'ok', 'auto', 'Ссылок и логотипов запрещённых соцсетей не обнаружено.',
    '["koap_20_3_1"]',
    '[{"name":"Ссылки и логотипы Инстаграма и Фейсбука","vote":"ok","detail":"Не найдено."}]', '[]', 90),
(2, 3, 'Политика конфиденциальности', 'Опубликована, доступна с любой страницы',
    'violation', 'auto',
    'На сайте не найдена опубликованная Политика конфиденциальности. Это самостоятельный состав: документ должен быть опубликован и доступен с любой страницы.',
    '["koap_13_11_3"]',
    '[{"name":"Ссылка на Политику конфиденциальности в коде страниц","vote":"violation","detail":"Ссылка не найдена ни на одной из скачанных страниц."},
      {"name":"Разметка отдаётся сервером (вывод об отсутствии достоверен)","vote":"violation","detail":"HTML отдаётся сервером — отсутствие ссылки в коде показательно."}]',
    '[]', 70),
(2, 4, 'Согласие на обработку ПДн', 'Отдельный документ, не часть политики; цель, перечень действий, срок, способ отзыва',
    'violation', 'auto',
    'Отдельного документа «Согласие на обработку персональных данных» на сайте нет. Согласие не может быть частью Политики — это разные документы с разным назначением.',
    '["fz152_9_4"]',
    '[{"name":"Отдельный документ «Согласие на обработку ПДн»","vote":"violation","detail":"Отдельный документ не найден."},
      {"name":"Разметка отдаётся сервером (вывод об отсутствии достоверен)","vote":"violation","detail":"HTML отдаётся сервером."}]',
    '[]', 60),
(2, 5, 'Оферта или пользовательское соглашение', 'Магазину — публичная оферта, остальным — пользовательское соглашение',
    'violation', 'auto',
    'На сайте нет ни публичной оферты, ни пользовательского соглашения. Интернет-магазину нужна оферта, остальным — пользовательское соглашение.',
    '["gk_437_2"]',
    '[{"name":"Ссылка на оферту или пользовательское соглашение","vote":"violation","detail":"Не найдено."},
      {"name":"Разметка отдаётся сервером (вывод об отсутствии достоверен)","vote":"violation","detail":"HTML отдаётся сервером."}]',
    '[]', 30),
(2, 6, 'Плашка куки при первом заходе', 'Согласие на куки + ссылка на Политику конфиденциальности + ссылка на Политику куки + упоминание Яндекс.Метрики',
    'violation', 'auto',
    'Плашки согласия на куки нет: в коде сайта нет ни одного упоминания куки. Согласие на обработку через куки не собирается.',
    '["fz152_9_1","metrica_2_1"]',
    '[{"name":"Следы плашки куки в коде сайта","vote":"violation","detail":"В коде сайта нет ни одного упоминания куки."},
      {"name":"Разметка отдаётся сервером (вывод об отсутствии достоверен)","vote":"violation","detail":"HTML отдаётся сервером."}]',
    '[]', 50),
(2, 7, 'Активное согласие в формах', 'Отдельные чекбоксы, не отмеченные по умолчанию; три чекбокса, если есть подписка; факт согласия сохраняется',
    'violation', 'auto',
    'Формы собирают персональные данные без чекбокса согласия (найдено форм: 2). Обработка ведётся без согласия в письменной форме.',
    '["koap_13_11_2","fz152_9_3"]',
    '[{"name":"Чекбоксы согласия, отмеченные по умолчанию","vote":"ok","detail":"Заранее отмеченных чекбоксов не найдено."},
      {"name":"Формы сбора ПДн без чекбокса согласия","vote":"violation","detail":"Форм без чекбокса согласия: 2."},
      {"name":"Сохранение факта согласия на стороне сервера","vote":"unknown","detail":"По внешнему виду сайта не определяется."}]',
    '[{"url":"https://example-clinic.ru/zapis/","snippet":"<form action=\"/zapis/send.php\" method=\"post\"><input type=\"text\" name=\"NAME\" placeholder=\"Ваше имя\"><input type=\"tel\" name=\"PHONE\" placeholder=\"Телефон\"><button>Записаться</button></form>","line":156}]',
    100),
(2, 8, 'Рассылки: цели и типы', 'Рассылки описаны в целях Политики; информационная и рекламная — раздельно',
    'ok', 'auto', 'Подписки и рассылки на сайте не обнаружено — требование неприменимо.',
    '["fz152_5_2","fz38_18_1"]',
    '[{"name":"Наличие подписки или рассылки на сайте","vote":"ok","detail":"Не найдено — требование неприменимо."}]', '[]', 40),
(2, 9, 'Явный алгоритм отписки', 'Ссылка в каждом письме и описанная процедура',
    'manual', 'manual',
    'Наличие отписки проверяется в письмах рассылки, а не на сайте — по внешнему виду сайта достоверно не определяется.',
    '["fz152_9_2"]',
    '[{"name":"Автоматическая проверка неприменима","vote":"unknown","detail":"Проверяется в письмах рассылки."}]', '[]', 20),
(2, 10, 'Уведомление в РКН', 'Оператор уведомил РКН до начала обработки',
    'manual', 'manual',
    'Факт подачи уведомления не отражается на сайте — требуется сверка с реестром операторов РКН.',
    '["fz152_22_1"]',
    '[{"name":"Автоматическая проверка неприменима","vote":"unknown","detail":"Требуется сверка с реестром РКН."}]', '[]', 10);

INSERT INTO letters (audit_id, subject, body) VALUES (2,
'example-clinic.ru: нашли 3 нарушения закона о персональных данных',
'Здравствуйте!

Проверили ваш сайт example-clinic.ru на соответствие требованиям закона о персональных данных. Нашли то, за что сейчас штрафует Роскомнадзор. Показываю самое существенное:

1. Активное согласие в формах
Формы собирают персональные данные без чекбокса согласия (найдено форм: 2). Обработка ведётся без согласия в письменной форме.
Штраф юрлицу — 300–700 тыс ₽. Норма: КоАП, ст. 13.11 ч. 2 — https://www.consultant.ru/document/cons_doc_LAW_34661/1f421640c6775ff67079ebde06a7d2f6d17b96db/#dst7758

2. Политика конфиденциальности
На сайте не найдена опубликованная Политика конфиденциальности. Это самостоятельный состав: документ должен быть опубликован и доступен с любой страницы.
Штраф юрлицу — 30–60 тыс ₽. Норма: КоАП, ст. 13.11 ч. 3 — https://www.consultant.ru/document/cons_doc_LAW_34661/1f421640c6775ff67079ebde06a7d2f6d17b96db/#dst7760

3. Согласие на обработку ПДн
Отдельного документа «Согласие на обработку персональных данных» на сайте нет. Согласие не может быть частью Политики — это разные документы с разным назначением.
Норма: 152-ФЗ, ст. 9 ч. 4 — https://www.consultant.ru/document/cons_doc_LAW_61801/6c94959bc017ac80140621762d2ac59f6006b08c/#dst100282

По каждому пункту у нас есть фрагмент кода вашего сайта, где видно проблему, — можете перепроверить сами. Полный отчёт со всеми пунктами приложу, если интересно.

Мы занимаемся поддержкой сайтов и такие вещи правим под ключ. Если хотите, пришлю разбор целиком и скажу, сколько займёт устранение.

С уважением,
[ваше имя]');

INSERT INTO anglicisms (audit_id, word, suggestion, url, context) VALUES
(2, 'PRICE', 'Цены', 'https://example-clinic.ru/uslugi/', '…PRICE на услуги клиники…');

/* ─────────── Аудит 3: сайт не открылся ─────────── */

INSERT INTO audits (id, input_url, final_url, cms, reachable, error, client_rendered, demo, created_at)
VALUES (3, 'https://example-offline.ru', 'https://example-offline.ru', NULL, false,
        'Сайт не открывается: нет ответа или отдаётся не HTML.', false, true, NOW() - INTERVAL '20 minutes');

SELECT setval('audits_id_seq', (SELECT MAX(id) FROM audits));
